[
  {
    "id": 1,
    "title_question": "Кто работает с наймом из команды?",
    "text_answer": "С наймом команды работает ПМ. Тимлид может участвовать на созвоне/Либо проводить его самостоятельно (Если идет найм в уже сформировавшуюся команду/проект 2 уровня)"
  },
  {
    "id": 2,
    "title_question": "На ком лежит ответственность?",
    "text_answer": "Ответственность лежит полностью на ПМ: вся отчетность, заполнение таблиц, контроль входа нового кандидата в школу (чтобы нигде не потерялся)"
  },
  {
    "id": 3,
    "title_question": "Это первичный собес по софтам?",
    "text_answer": "Да, на собеседовании ПМ оценивает только Софты"
  },
  {
    "id": 4,
    "title_question": "Будет ли дальше собес с лидом?",
    "text_answer": "Нет. Исключение: Если идет найм в уже сформировавшуюся команду/проект 2 уровня"
  },
  {
    "id": 5,
    "title_question": "За какое время должен пройти этап собесов?",
    "text_answer": "Время на обработку 1 кандидата - 3 дня от начала обработки кандидата. Если кандидат, которому написали, не выходит на собес в течении недели - скипаем такого. Если появляется в течении недели, а кандидат уже не актуален для того, кто обрабатывал, типа обрабатывает Другой ПМ. Сам процесс найма команды - неделя максимум. Если за неделю не получается, разбираемся почему так."
  }
]