[
  {
    "id": 1,
    "category": "Алгоритм найма",
    "title": "Выбор кандидатов в таблице партнеров",
    "description": "",
    "body": "1. { Выбрать нужных кандидатов в одной из таблиц партнеров. Доступ выдает @MicoDi:guild-of-developers.ru\\\n\\\nТаблица состоит из 2 частей:\\\n\\\n</А> Столбцы, которые редактируются Партнерами /* не редактировать! */ :\\\n// Дата предоставления кандидата\\\n// ФИО\\\n// Телеграм\\\n// Резюме\\\n\\\n</Б> Столбцы, с которыми работают ПМ:\u2028\\\n// Скрининг резюме /* Оценить кандидата по резюме и дать ответ: подходит/нет */\\\n// Результат интервью /* Провести собеседование и поставить статус результата */\u2028\\\n// Дата Обработки кандидата /\\* Дата, когда ПМ начинал изучать данные кандидата: старт - скрининг резюме */\\\n// Кто взял в работу /* Ответственный ПМ, который обрабатывает кандидата */\\\n// Комментарий компании /* Отчет по кандидату - Смотреть приложение 5 */\\\n// Проект, куда попал кандидат /* Проект, в который направили кандидата */\\\n// Ссылка на запись собеса /* Ссылка именно на видео */ }\n2. { Если свободных кандидатов в таблицах нет, написать запрос в комнату\n   “Размести вакансию” }\n3. { Изучить резюме кандидата. Зафиксировать ответ в таблице }",
    "preview": null
  },
  {
    "id": 2,
    "category": "Алгоритм найма",
    "title": "Алгоритм обработки кандидатов",
    "description": "",
    "body": "1. { Копируем телеграм-ник кандидата в таблице\u2028\\\nЧерез поиск в телеграм находим кандидата и списываемся /* Первый контакт */\\\n// Представиться: \\\n\\\nДобрый день! \\\nМеня зовут Имя. Я один из специалистов Школы IT | GoD. Мне передали вашу заявку.\\\nРасскажите о себе в двух словах и как вы нашли нас, пожалуйста.\\\nДалее Вам проведут собеседование, для понимания вашего уровня, более подробно расскажут о школе и добавят в один из текущих проектов }\n2. { Ответ кандидата: …… }\n3. { Если в таблице нет резюме, запрашиваем его\u2028\\\n//Если резюме есть, переходим к пункту 5 }\n4. { После изучения резюме, принимаем решение: готовы рассмотреть кандидата/не готовы }\n5. { Назначаем дату и время собеседования /* ZOOM */, если готовы рассмотреть кандидата }\n6. { Проведение собеседования\u2028\\\n// Обязательно включить запись звонка в ZOOM\u2028\\\n// Обработать кандидата по алгоритму найма Найм кандидата.docx }\n7. { Запись собеседования загрузить на Гугл Диск /* доступ выдает @parviz_bez_z:guild-of-developers.ru */ \\\n// Переименовать файл с видео /* Название:Фамилия Имя кандидата */ }\n8. { Написать отчет в столбце “Комментарии компании” + прикрепить ссылку на запись собеса }\n\nПРИМЕР КОММЕНТАРИЯ ПО КАНДИДАТУ В ГУГЛ ТАБЛИЦЕ\n\n{ Прошел собеседование:\\\n// /* Обоснование */ Целеустремленный\\\n// Думает от результата, а не от действий\\\n// Имеются управленческие навыки /* Можно рассмотреть как будущего ТимЛида */\\\n// Результаты на прошлой работе подтверждают сказанное на собеседовании }\n\n{ Не прошел собеседование:\\\n// Не знает чего на самом деле хочет от школы/профессии/т.д.\u2028\\\n// Несоответствие написанного в резюме и сказанного на собеседовании\\\n// Пару раз соврал }\n\nВНИМАНИЕ!!! После успешного собеседования с дизайнером, необходимо попросить у него портфолио работ и вместе с ссылкой на резюме отправить на согласование @daryakro:guild-of-developers.ru. Без согласования с Дарьей, дизайнеров не заводим в проект.\n",
    "preview": null
  },
  {
    "id": 3,
    "category": "Алгоритм найма",
    "title": "Внесение изменений в таблицы после обработки кандидатов",
    "description": "",
    "body": "{ По результату собеседования /* + тестового задания - в случае, если набор кандидатов осуществляется Тимлидом на запущенный проект */ внести изменения по статусу кандидата в таблицах /* как в описании 1 пункта */  }",
    "preview": null
  },
  {
    "id": 4,
    "category": "Алгоритм найма",
    "title": "Фидбек по кандидатам",
    "description": "",
    "body": "{ После обработки кандидата сообщить результат @pretty_gata:guild-of-developers.ru либо @ayonara71:guild-of-developers.ru }\n\nПРИМЕР ОПИСАНИЯ РЕЗУЛЬТАТА\n\n{ Кандидат Х от Партнера Х прошел собеседование. Встал на проект Х }\n\n{ Кандидат Х от Партнера Х не прошел собеседование. Причину смотреть в отчете }",
    "preview": null
  },
  {
    "id": 5,
    "category": "Алгоритм найма",
    "title": "Портрет Тимлида",
    "description": "",
    "body": "",
    "preview": null
  }
]