[
  {
    "titleTitle": "Project Manager",
    "titleInfo": "Проект — это целенаправленная деятельность, ограниченная во времени и ресурсах"
  },
  [
    {
      "id": "runproject",
      "title": "Запуск проекта"
    },
    {
      "id": "Access",
      "title": "Доступы"
    },
    {
      "id": "Kaiten",
      "title": "Kaiten"
    },
    {
      "id": "Review",
      "title": "Обзор pet-проектов"
    },
    {
      "id": "Wiki",
      "title": "Wiki"
    },
    {
      "id": "Projectlifetime",
      "title": "Project lifetime"
    },
    {
      "id": "Completion",
      "title": "Завершение проекта"
    },
    {
      "id": "Report",
      "title": "Отчетность"
    },
    {
      "id": "dictionary",
      "title": " IT терминология"
    },
    {
      "id": "Manual",
      "title": "Developers"
    },
    {
      "id": "Usefulinfo",
      "title": "Полезная информация"
    },
    {
      "id": "ControlProject",
      "title": "Контролер проекта"
    }
  ]
]