[
  {"titleTitle":"Обзор проектов", "titleInfo":"Краткий обзор проектов, среди которых \nвы можете выбрать один для его реализации"},
  [
    {
      "id": 1,
      "title": "МИРА",
      "text": "Сайт посвящен деятельности организации, которая оказывает услуги по реабилитации, абилитации и социальной адаптации инвалидов и детей-инвалидов.",
      "bullets": ["Админка", "Платежная система", "Поисковая строка", "Количество страниц  >10"],
      "difficulty": "Уровень сложности: 4/10",
      "path": "/mira",
      "img": "/img/projects/mira.png"
    },
    {
      "id": 2,
      "title": "Инкубатор Роста",
      "text": "Проект направлен на создание электронного представительства 'Инкубатор Роста' и его размещение в сети Интернет. ",
      "bullets": ["Личный кабинет", "Фильтры", "Рукописная админка", "Количество страниц  >10"],
      "difficulty": "Уровень сложности: 6/10",
      "path": "/growth-incubator",
      "img": "/img/projects/growth-incubator.png"
    },
    {
      "id": 3,
      "title": "Одаренные сердца",
      "text": "Цель проекта — создание сайта для общественной организации «Одаренные сердца». Организация помогает детям раскрывать их талант. ",
      "bullets": ["Админка (На django)", "Платежная система", "Количество страниц  >20"],
      "difficulty": "Уровень сложности: 6/10",
      "path": "/gifted-hearts",
      "img": "/img/projects/gifted-hearts.png"
    },
    {
      "id": 4,
      "title": "Солнечный круг",
      "text": "«Солнечный круг» — благотворительная организация, которая помогает ребятам из детских домов найти родителей, обрести верных друзей, научиться новому и полезному!",
      "bullets": ["Админка (На django)", "Платежная система", "Количество страниц  >15"],
      "difficulty": "Уровень сложности: 5/10",
      "path": "/sunny-circle",
      "img": "/img/projects/sunny-circle.png"
    },
    {
      "id": 5,
      "title": "Мототерапия",
      "text": "Мототерапия — это сообщество мотоциклистов, объединенных общей целью помощи детям в центрах социальной реабилитации; ",
      "bullets": ["Количество страниц  <10"],
      "difficulty": "Уровень сложности: 3/10",
      "path": "/mototherapy",
      "img": "/img/projects/mototherapy.png"
    },
    {
      "id": 6,
      "title": "GOD - Guild of Developers",
      "text": "Внутренний проект Школы IT - сайт. Целью данного проекта является создание веб-сайта (платформы), которая помогает начинающим IT специалистам, получить коммерческий опыт.",
      "bullets": ["Админка (рукописная)", "Личный кабинет", "Фильтры", "Количество страниц  >15"],
      "difficulty": "Уровень сложности: 8/10",
      "path": "/god",
      "img": "/img/projects/god.png"
    },
    {
      "id": 7,
      "title": "Find Friend",
      "text": "Проект - цель которого помочь  питомцам найти дом, а людям новых друзей. Проект реализован, как агрегатор приютов с системой умного фильтра",
      "bullets": ["Личный кабинет", "Фильтры", "Админка (Django)", "Парсинг данных", "Количество страниц  >20"],
      "difficulty": "Уровень сложности: 8/10",
      "path": "/find-friend",
      "img": "/img/projects/find-friend.png"
    }
    
    
  ]
]