[
  {
    "titleTitle": "Запуск проекта",
    "titleInfo": "Мы знаем что хотим получить в итоге"
  },
  [
    {
      "id": "teambuilding",
      "title": "Форминование команды"
    },
    {
      "id": "TechnicalSpecification",
      "title": "Техническое задание"
    },
    {
      "id": "MVP",
      "title": "MVP"
    },
    {
      "id": "Iterations",
      "title": "Итерации, эпики"
    },
    {
      "id": "Tasks, deadlines",
      "title": "Задачи, сроки"
    },
    {
      "id": "ProjectJustification",
      "title": "Обоснование проекта"
    },
    {
      "id": "Figma",
      "title": "Figma"
    },
    {
      "id": "Roadmap",
      "title": "Roadmap"
    },
    {
      "id": "Methodology",
      "title": "Методология"
    },
    {
      "id": "",
      "title": ""
    },
    {
      "id": "",
      "title": ""
    },
    {
      "id": "",
      "title": ""
    }
  ]
]