[
  {
    "id": "About",
    "title": "О школе"
  },
  {
    "id": "projectmanager",
    "title": "Project Manager"
  },
  {
    "id": "TL",
    "title": "TL"
  },
  {
    "id": "Design",
    "title": "Design"
  },
  {
    "id": "Frontend",
    "title": "Frontend"
  },
  {
    "id": "Backend",
    "title": "Backend"
  },
  {
    "id": "QA",
    "title": "QA"
  },
  {
    "id": "Android",
    "title": "Android"
  },
  {
    "id": "iOs",
    "title": "iOS"
  },
  {
    "id": "DevOps",
    "title": "DevOps"
  },
  {
    "id": "DS",
    "title": "DS"
  }
]