[
    {
        "titleTitle": "Формирование команды",
        "titleInfo": "От PM зависит эффективность команды"
    },
    [
        {
            "id": "Candidates",
            "title": "Кандидаты"
        },
        {
            "id": "HiringAlgorithm",
            "title": "Алгоритм найма"
        },
        {
            "id": "FirstContact",
            "title": "Первый контакт"
        },
        {
            "id": "interview",
            "title": "Интервью с кандидатом"
        },
        {
            "id": "schoolEntrance",
            "title": "Вход в школу"
        },
        {
            "id": "Registration",
            "title": "Регистрация команды"
        },
        {
            "id": "gitlab",
            "title": "Регистрация в GitLab"
        },
        {
            "id": "kaitenRegistration",
            "title": "Регистрация в Kaiten"
        },
        {
            "id": "access",
            "title": "Доступы"
        },
        {
            "id": "FAQ",
            "title": "FAQ"
        },
        {
            "id": "",
            "title": ""
        },
        {
            "id": "",
            "title": ""
        }
    ]
]