{
  "id": 13,
  "category_name": "Запуск проекта",
  "description": "Мы знаем что хотим получить в итоге",
  "subcategory": [
    {
      "id": 25,
      "name": "Формирование команды"
    },
    {
      "id": 26,
      "name": "Техническое задание",
      "link": "/404"
    },
    {
      "id": 27,
      "name": "MVP",
      "link": "/404"
    },
    {
      "id": 28,
      "name": "Итерации, эпики",
      "link": "/404"
    },
    {
      "id": 29,
      "name": "Задачи, сроки",
      "link": "/404"
    },
    {
      "id": 30,
      "name": "Обоснование проекта",
      "link": "/404"
    },
    {
      "id": 31,
      "name": "Figma",
      "link": "/404"
    },
    {
      "id": 32,
      "name": "Roadmap",
      "link": "/404"
    },
    {
      "id": 33,
      "name": "Методология",
      "link": "/404"
    }
  ]
}
