{
  "id": 25,
  "category_name": "Формирование команды",
  "description": "От PM зависит эффективность команды",
  "subcategory": [
    {
      "id": 34,
      "name": "Кандидаты",
      "link": "/404"
    },
    {
      "id": 35,
      "name": "Алгоритм найма",
      "link": "/HiringAlgorithm"
    },
    {
      "id": 36,
      "name": "Первый контакт",
      "modal": "TODO ???"
    },
    {
      "id": 37,
      "name": "Интервью с кандидатом",
      "link": "/interview"
    },
    {
      "id": 38,
      "name": "Вход в школу",
      "link": "/schoolEntrance"
    },
    {
      "id": 39,
      "name": "Регистрация команды",
      "link": "/404"
    },
    {
      "id": 40,
      "name": "Регистрация в GitLab",
      "link": "/gitlab"
    },
    {
      "id": 41,
      "name": "Регистрация в Kaiten",
      "link": "/kaitenRegistration"
    },
    {
      "id": 42,
      "name": "Доступы",
      "link": "/access"
    },
    {
      "id": 43,
      "name": "FAQ",
      "link": "/FAQ"
    }
  ]
}
