{
  "id": 3,
  "category_name": "Project Manager",
  "description": "Проект — это целенаправленная деятельность, ограниченная во времени и ресурсах",
  "subcategory": [
    {
      "id": 13,
      "name": "Запуск проекта"
    },
    {
      "id": 14,
      "name": "Доступы",
      "link": "/Access"
    },
    {
      "id": 15,
      "name": "Kaiten",
      "link": "/404"
    },
    {
      "id": 16,
      "name": "Обзор pet-проектов",
      "link": "/Review"
    },
    {
      "id": 17,
      "name": "Wiki",
      "link": "/404"
    },
    {
      "id": 18,
      "name": "Project lifetime",
      "link": "/404"
    },
    {
      "id": 19,
      "name": "Завершение проекта",
      "link": "/404"
    },
    {
      "id": 20,
      "name": "Отчетность",
      "link": "/404"
    },
    {
      "id": 21,
      "name": "IT терминология",
      "link": "/dictionary"
    },
    {
      "id": 22,
      "name": "Developers",
      "link": "/404"
    },
    {
      "id": 23,
      "name": "Полезная информация",
      "link": "/404"
    },
    {
      "id": 24,
      "name": "Контролер проекта",
      "link": "/404"
    }
  ]
}
